timestamp,tempC,hum,moist,lux,temp_state,heater_fan,fan,water_pump,humidifiers,grow_lights
2026-02-24T15:03:54,22.0,42.0,0.0,131.67,3,False,False,True,False,True
2026-02-24T15:04:02,22.0,42.0,0.0,131.67,3,False,False,True,False,True
2026-02-24T15:04:04,22.0,42.0,0.0,131.67,3,False,False,True,False,True
2026-02-24T15:04:07,22.0,42.0,0.0,131.67,3,False,False,False,False,True
2026-02-24T15:04:09,22.0,42.0,0.0,131.67,3,False,False,True,False,True
2026-02-24T15:04:13,22.0,42.0,0.0,130.83,3,False,False,False,False,True
2026-02-24T15:04:15,22.0,42.0,0.0,131.67,3,False,False,True,False,True
2026-02-24T15:04:17,22.0,42.0,0.0,131.67,3,False,False,True,False,True
2026-02-24T15:04:20,22.0,42.0,0.0,131.67,3,False,False,True,False,True
2026-02-24T15:04:22,22.0,42.0,0.0,131.67,3,False,False,True,False,True
2026-02-24T15:04:24,22.0,42.0,0.0,131.67,3,False,False,True,False,True
2026-02-24T15:04:26,22.0,42.0,0.0,131.67,3,False,False,True,False,True
2026-02-24T15:04:28,22.0,41.0,0.0,131.67,3,False,False,True,False,True
2026-02-24T15:04:30,22.0,41.0,0.0,130.83,3,False,False,True,False,True
2026-02-24T15:04:33,22.0,41.0,0.0,131.67,3,False,False,True,False,True
2026-02-24T15:04:35,22.0,41.0,0.0,131.67,3,False,False,True,False,True
2026-02-24T15:04:40,22.0,41.0,0.0,132.5,3,False,False,True,False,True
2026-02-24T15:04:44,22.0,41.0,0.0,131.67,3,False,False,True,False,True
2026-02-24T15:05:12,22.0,41.0,0.0,110.83,3,False,False,True,False,True
2026-02-24T15:05:15,22.0,41.0,0.0,131.67,3,False,False,True,False,True
2026-02-24T15:05:17,22.0,41.0,0.0,131.67,3,False,False,True,False,True
2026-02-24T15:05:20,22.0,41.0,0.0,131.67,3,False,False,True,False,True
2026-02-24T15:05:23,22.0,41.0,0.0,131.67,3,False,False,True,False,True
2026-02-24T15:05:25,22.0,41.0,0.0,131.67,3,False,False,True,False,True
2026-02-24T15:05:27,22.0,41.0,0.0,132.5,3,False,False,True,False,True
2026-02-24T15:05:29,22.0,41.0,0.0,132.5,3,False,False,True,False,True
